recommendation_id,game,verdict,takeaway,caution,source_url
225106238,meltopia,negative,Likes removal and upgrade animations but finds repeated junk and context-free artifacts uninteresting.,"Context complaint supports authored identity, not automatically adding lore text or buffs.",https://steamcommunity.com/profiles/76561199058814874/recommended/3601800/
234140844,meltopia,negative,"Reports repetitive trips earning about 200 toward an upgrade near 5,000 with a modest perceived benefit.","2026-08-31 account; quoted amounts are anecdotal estimates, not measured comparator telemetry.",https://steamcommunity.com/profiles/76561197963914507/recommended/3601800/
225520385,meltopia,negative,Expected collected artifacts to offer a progression payoff and was disappointed by their display-only role.,Preference-based expectation mismatch; another sampled player enjoyed those collectibles.,https://steamcommunity.com/profiles/76561198155994008/recommended/3601800/
229596570,meltopia,negative,Otherwise enjoys the repetitive loop but could not continue the same progress on a laptop.,Predates the developer announcement of Steam Cloud on 2026-08-27.,https://steamcommunity.com/profiles/76561198399854877/recommended/3601800/
225229511,meltopia,negative,"Reports inventory binding long before upgraded fuel capacity becomes useful, making further fuel purchases feel weak.",Player proposes matched capacities; the project instead tests mixed constraints without requiring synchronized limits.,https://steamcommunity.com/profiles/76561198073787718/recommended/3601800/
229720156,meltopia,negative,Reports increased loot quantity causing more return trips while tool gains and upgrade costs remain unsatisfying.,Self-reported balance; unrelated proposed systems in the review are not adopted.,https://steamcommunity.com/profiles/76561197971023886/recommended/3601800/
226191402,meltopia,negative,"Continued collecting sets expecting a reward, then stopped when side objectives did not provide the anticipated outcome.",Player expectation does not establish that a buff or set-completion bonus is the right remedy.,https://steamcommunity.com/profiles/76561198023056223/recommended/3601800/
226130070,meltopia,negative,Reports no longer reaching profitable areas after a rebalance and lacking money for a warmth upgrade.,"May 2026 account predates later cold-zone fixes; project solvency risk is an explicit inference, not a reproduced failure.",https://steamcommunity.com/profiles/76561198103349147/recommended/3601800/
224698768,meltopia,positive,"Enjoys satisfying removal, upgrades and collectible relics/bones while finding navigation confusing.",Counterexample to the claim that display collectibles always require functional rewards.,https://steamcommunity.com/profiles/76561199058222591/recommended/3601800/
231984785,meltopia,positive,Recommends on sale despite reporting that second-tool costs outpace income and practical progress slows.,Positive flag does not remove the economic criticism; amounts are self-reported.,https://steamcommunity.com/profiles/76561198043472327/recommended/3601800/
224608018,meltopia,positive,"Recommends melting but describes high ceiling items becoming difficult to reach, suggesting better explosive placement.","Developer later announced artifact recovery fixes; use as a recovery scenario, not a verified current bug or approval of explosives.",https://steamcommunity.com/profiles/76561199127030803/recommended/3601800/
229942231,meltopia,positive,Recommends the game but wants shared progress when moving between a handheld and PC.,Predates the developer announcement of Steam Cloud on 2026-08-27; does not expand this project beyond Windows.,https://steamcommunity.com/profiles/76561198005608875/recommended/3601800/
214946233,super-motherload,negative,Reports inaccessible overlapping puzzle areas and reaching a late challenge without bombs sold at the nearby outpost.,"Historical player account; bomb-dependent challenge is excluded here, but access/resource coupling transfers as a test case.",https://steamcommunity.com/profiles/76561198039208153/recommended/269110/
199398148,super-motherload,negative,"Enjoyed early mining but found late obstruction and the final fight tedious, abandoning the finale.",Player account of the sequel; no current-build reproduction.,https://steamcommunity.com/profiles/76561198025056840/recommended/269110/
130468952,super-motherload,negative,"Describes unclear final confrontation, expensive specials and loss of interest when fuel depletion stopped threatening the run.",Mixed preferences; risk preference is not a recommendation for more severe rescue or combat.,https://steamcommunity.com/profiles/76561198011696520/recommended/269110/
124007291,super-motherload,negative,Describes special upgrades as too expensive to acquire while they would still matter.,2022 account; does not establish current balance or an equivalent project defect.,https://steamcommunity.com/profiles/76561198036159822/recommended/269110/
212396142,super-motherload,positive,"Recommends the sequel and emphasizes deliberate mineral combinations over indiscriminate gathering, despite a slow first late-game stretch.",Useful-choice counterexample; importing its puzzles/combos would conflict with the project scope.,https://steamcommunity.com/profiles/76561198201224818/recommended/269110/
221633304,super-motherload,positive,Enjoys the simple mining activity and gradual story information creating a sense of mystery.,A positive preference for sparse narrative; no basis for mandatory dialogue or more text.,https://steamcommunity.com/profiles/76561198009922237/recommended/269110/
206740959,digging-a-hole,negative,Likes the fluid drill but reports exhausting equipment early and getting a keyed reward too late to matter.,"Self-reported progression timing; use for late reward relevance, not a measured duration.",https://steamcommunity.com/profiles/76561197998180632/recommended/3244220/
219815272,digging-a-hole,negative,Found little to discover and an anticlimax despite enjoying parts of the digging.,"Brief qualitative dissatisfaction, not evidence of a specific missing object count.",https://steamcommunity.com/profiles/76561198121739554/recommended/3244220/
228979417,digging-a-hole,negative,Describes the ending as leaving the reason for events unexplained.,Single brief account; project cultural-comprehension recommendation is a separate design inference.,https://steamcommunity.com/profiles/76561198415166673/recommended/3244220/
226309253,digging-a-hole,negative,"Objects to a shared-household single-save situation, perceived save loss and missing cloud support.",Historical complaint; do not infer current platform configuration or automatically add multiple slots here.,https://steamcommunity.com/profiles/76561198000728968/recommended/3244220/
228740862,digging-a-hole,positive,Enjoys voluntarily clearing the entire pit rather than treating reaching its bottom as the only goal.,Individual optional goal; not support for mandatory terrain-clearance achievements.,https://steamcommunity.com/profiles/76561198046886614/recommended/3244220/
212496660,digging-a-hole,positive,"Enjoyed a careful short completion and brief replay, considering the small finite experience worthwhile.",Individual value judgment; no price elasticity or universal hours-per-price rule.,https://steamcommunity.com/profiles/76561197975288543/recommended/3244220/
210151153,digging-a-hole,positive,Recommends the inexpensive simple digging experience without demanding greater complexity.,Personal value judgment; not a pricing benchmark or universal preference.,https://steamcommunity.com/profiles/76561198798596795/recommended/3244220/
216693861,digging-a-hole,positive,"Values planning a personally shaped excavation, tangible digging progression and a compact experience; notes comfort and postgame shortcomings.",Only the personal-excavation and scope counterexamples are transferred; no endorsed new mechanic.,https://steamcommunity.com/profiles/76561198061416173/recommended/3244220/
206064236,digging-a-hole,positive,"Recommends the simple experience and finds the odd ending charming, while also describing it as jarring.",Positive recommendation contains criticism; not proof that a genre shift is universally liked.,https://steamcommunity.com/profiles/76561198260331341/recommended/3244220/
225497526,meltopia,negative,Found attractive hub scenery noninteractive and the purpose of furnace upgrades and artifact placement unclear.,Reported expectations do not justify making every prop interactive or adding artifact bonuses.,https://steamcommunity.com/profiles/76561198122279814/recommended/3601800/
225119169,meltopia,negative,Could not reliably judge surface shape or whether the melting tool could reach it.,"Different tool and terrain; use as a readability probe, not a reproduced defect here.",https://steamcommunity.com/profiles/76561198020117519/recommended/3601800/
225124953,meltopia,negative,"Describes thorough exploration exhausting upgrades earlier than a fast route, leaving extended unrewarding collection.",One account; compare voluntary shaping and rushing without forcing their durations to match.,https://steamcommunity.com/profiles/76561199220440280/recommended/3601800/
224666363,meltopia,negative,"Reports inconsistent resource terminology, repeated first-discovery notices after loading, and missing tool effects while still working.","Historical reported faults; preserve semantic and saved-state consistency, not extra tutorial text.",https://steamcommunity.com/profiles/76561197989531710/recommended/3601800/
224850513,meltopia,negative,Reports stacked autosave notices and multi-second freezes interrupting play.,Current comparator performance was not retested; our deferred task 80 already owns save budgets.,https://steamcommunity.com/profiles/76561198023704930/recommended/3601800/
226822729,meltopia,positive,Enjoyed the mechanics but wanted collecting and furnace upgrades to produce a clearer visible result.,Positive recommendation still contains a gap; a display or staging may suffice without another reward system.,https://steamcommunity.com/profiles/76561198011293667/recommended/3601800/
224790774,meltopia,positive,Enjoyed the sensation of personally uncovering the world and wanting to investigate what remained hidden.,A positive counterexample to treating all repeated removal as unwanted grind.,https://steamcommunity.com/profiles/76561199752739009/recommended/3601800/
225276363,meltopia,positive,Liked the setting and traversal but exhausted purchases before finishing the artifact search.,Approximate personal pacing; do not enforce a timer or invent extra upgrade tiers.,https://steamcommunity.com/profiles/76561197987565903/recommended/3601800/
233599475,meltopia,positive,Liked visibly changing equipment while finding early replacement-tool power and repeated warmth trips unpleasant.,Mixed positive account; warmth and replacement tools remain outside our selected design.,https://steamcommunity.com/profiles/76561198218657020/recommended/3601800/
225783618,meltopia,positive,Enjoyed relaxed clearing without a completion percentage drawing attention to the last untouched patch.,Supports preserving voluntary cleanup; does not establish a universal preference against progress information.,https://steamcommunity.com/profiles/76561198031409603/recommended/3601800/
17227856,super-motherload,negative,Found upgrades hard to understand and automatic station passes less rewarding; also missed a clear low-fuel cue.,Nostalgia and first impressions shape this account; preserve a brief rewarding return without adding service chores.,https://steamcommunity.com/profiles/76561198004890916/recommended/269110/
18323295,super-motherload,negative,"Describes disappearing blocks as weightless, upgrades as unclear, and late obstacles as restricting free excavation.",Historical sequel comparison; does not support copying its bombs or gated progression.,https://steamcommunity.com/profiles/76561198025820005/recommended/269110/
21435292,super-motherload,negative,Reports obstacles introduced before their solutions were understandable and upgrade benefits without useful explanations.,Early impressions; prioritize readable existing actions instead of mandatory lessons or a new puzzle system.,https://steamcommunity.com/profiles/76561197986101440/recommended/269110/
18339936,super-motherload,negative,Enjoyed relaxed mining until the ending demanded repeated stressful reflex attempts.,"An ending mismatch account, not a reason to remove surprise or raise our difficulty.",https://steamcommunity.com/profiles/76561197974622842/recommended/269110/
24042801,super-motherload,negative,"Reports restored terrain and some upgrades alongside missing money, bombs and other equipment after a crash.",Historical reported partial restoration; coherent saves are already implemented here.,https://steamcommunity.com/profiles/76561197985969658/recommended/269110/
198150086,super-motherload,positive,Criticizes finite income versus expensive upgrades and reports progression problems after collecting quest items early.,"Positive verdict partly values bundled Goldium; retain only explicit sequel observations, not its nostalgia.",https://steamcommunity.com/profiles/76561198102807834/recommended/269110/
202100545,super-motherload,positive,"Enjoyed repeated characters, upgrades, puzzles and boss replays across many sessions.",Counterexample: some players want a different experience; this does not authorize replay grinding or bosses here.,https://steamcommunity.com/profiles/76561199837036729/recommended/269110/
215710545,digging-a-hole,positive,Enjoyed using the powerful drill to tidy and reshape the hole as an activity in itself.,"A voluntary playstyle, not evidence for requiring total terrain removal.",https://steamcommunity.com/profiles/76561197968658621/recommended/3244220/
219801263,digging-a-hole,positive,"Enjoyed choosing between a direct shaft and clearing the yard, with upgrades changing the experience.",Preserve player choice; neither route is a mandatory intended solution.,https://steamcommunity.com/profiles/76561198045701821/recommended/3244220/
207929926,digging-a-hole,positive,Liked tranquil excavation while listening to another audio source.,Test readable optional sound and restrained feedback; do not infer that every player ignores game audio.,https://steamcommunity.com/profiles/76561199387434371/recommended/3244220/
222004745,digging-a-hole,negative,"Searched extensively for imagined joke objects and a presumed ending solution, then found the search unrewarding.",The imagined solution was the reviewer's inference; inspect cues that create unsupported expectations.,https://steamcommunity.com/profiles/76561198124814374/recommended/3244220/
222979787,digging-a-hole,negative,"Reports a quit-without-saving choice that apparently saved anyway, plus surplus money with nothing wanted.",Reported behavior was not reproduced; retain truthful action wording as a regression guardrail.,https://steamcommunity.com/profiles/76561198305728341/recommended/3244220/
219692358,digging-a-hole,negative,Describes repeated depletion with no remaining finds they could locate and sell.,Perceived inability to recover is not proof of mathematical insolvency; test both access and remaining income.,https://steamcommunity.com/profiles/76561199794987438/recommended/3244220/
222320788,digging-a-hole,negative,Found a speedrun achievement frustrating because success seemed dependent on randomness.,"Subjective account; reject compulsory random-seed retries, not all optional challenges by assumption.",https://steamcommunity.com/profiles/76561199203821591/recommended/3244220/
226709062,digging-a-hole,positive,Enjoyed the speedrun challenge but found the long-fall goal tedious after already clearing the site.,"Positive counterexample: evaluate each goal and its same-save cost, not only the recommendation label.",https://steamcommunity.com/profiles/76561198015261565/recommended/3244220/
225849029,digging-a-hole,positive,Enjoyed full-yard clearing but initially felt unrecognized because achievements appeared only after starting another save.,Reviewer later acknowledged the unlock behavior; delayed acknowledgment still illustrates the expectation risk.,https://steamcommunity.com/profiles/76561198059811454/recommended/3244220/
215042631,digging-a-hole,negative,"Reports boundary-clipped ore, empty opposite areas and late travel frustration.",Historical reported placement faults; exercise boundary recovery here rather than assert our generator fails.,https://steamcommunity.com/profiles/76561198364404052/recommended/3244220/
221303948,digging-a-hole,negative,Enjoyed making a personal tunnel but found the abrupt ending disappointing and poorly anticipated.,Do not adopt its speculation about refund timing or developer intent.,https://steamcommunity.com/profiles/76561198072542042/recommended/3244220/
229760419,digging-a-hole,positive,"Valued a short, inexpensive, simple activity that fit around other listening or viewing.","One price-sensitive preference, not a supported price recommendation or sales forecast.",https://steamcommunity.com/profiles/76561198045236620/recommended/3244220/
223332005,digging-a-hole,positive,"Enjoyed the experience and wanted more, while finding late upgrades less impactful.",Wanting more after enjoyment differs from needing padding to reach a duration target.,https://steamcommunity.com/profiles/76561197996952421/recommended/3244220/
